objectid,parentid,filename,title,format,display_template,description,creator,labelreads,date,date-is-approximate?,subject,publisher-digital,original-identifier,rights,generaluseinformation,commercialuseinformation,rightsstatement,type,language
UA041202606019447,,UA041202606019455.jpg,Bejeweled Evening Gown,image/jpeg,multiple,Front,unknown,,1960,,Religion; Frank B. Robinson,"Ball State University, Digital Media Repository, https://dmr.bsu.edu/digital/collection/BmnHis",Beeman number,"In Copyright
This Item is protected by copyright and/or related rights. You are free to use this Item in any way that is permitted by the copyright and related rights legislation that applies to your use. For other uses, you need to obtain permission from the rights-holder(s).",Please contact the Ball State University Libraries Copyright Office at copyright@bsu.edu or 765-285-5330 for guidance and suggestions regarding copyright and fair use. Our statement regarding copyright and usage is available at: https://dmr.bsu.edu/digital/about.,"Commercial use of this asset is prohibited without permission from Ball State University's Department of Applied Business Studies unless it is determined to be out of copyright or in the public domain. Please direct all commercial requests to the BSU Department of Applied Business Studies, appliedbusiness.dept@bsu.edu or (765) 285-1460.",This archival material has been provided for educational purposes. Ball State University Libraries recognizes that some historic items may include offensive content. Our statement regarding objectionable content is available at: https://dmr.bsu.edu/digit,Image;StillImage,eng
UA041202606019441,UA041202606019447,UA041202606019447.jpg,,image/jpeg,,Back,,,,yes,God-Law; Life Spirit; Mircales; Healing; Sudent Letters; Testimonials,"Ball State University, Digital Media Repository, https://dmr.bsu.edu/digital/collection/BmnHis",Beeman number,"In Copyright
This Item is protected by copyright and/or related rights. You are free to use this Item in any way that is permitted by the copyright and related rights legislation that applies to your use. For other uses, you need to obtain permission from the rights-holder(s).",Please contact the Ball State University Libraries Copyright Office at copyright@bsu.edu or 765-285-5330 for guidance and suggestions regarding copyright and fair use. Our statement regarding copyright and usage is available at: https://dmr.bsu.edu/digital/about.,"Commercial use of this asset is prohibited without permission from Ball State University's Department of Applied Business Studies unless it is determined to be out of copyright or in the public domain. Please direct all commercial requests to the BSU Department of Applied Business Studies, appliedbusiness.dept@bsu.edu or (765) 285-1460.",This archival material has been provided for educational purposes. Ball State University Libraries recognizes that some historic items may include offensive content. Our statement regarding objectionable content is available at: https://dmr.bsu.edu/digit,Image;StillImage,eng
UA041202606019455,UA041202606019447,UA041202606019441.jpg,,image/jpeg,,Detail,,,,yes,"Spirit of God, God-Power;  Cosmic Rays; Science and Technology; Student Letters; Hardship; Material Abundance; Testimonials","Ball State University, Digital Media Repository, https://dmr.bsu.edu/digital/collection/BmnHis",Beeman number,"In Copyright
This Item is protected by copyright and/or related rights. You are free to use this Item in any way that is permitted by the copyright and related rights legislation that applies to your use. For other uses, you need to obtain permission from the rights-holder(s).",Please contact the Ball State University Libraries Copyright Office at copyright@bsu.edu or 765-285-5330 for guidance and suggestions regarding copyright and fair use. Our statement regarding copyright and usage is available at: https://dmr.bsu.edu/digital/about.,"Commercial use of this asset is prohibited without permission from Ball State University's Department of Applied Business Studies unless it is determined to be out of copyright or in the public domain. Please direct all commercial requests to the BSU Department of Applied Business Studies, appliedbusiness.dept@bsu.edu or (765) 285-1460.",This archival material has been provided for educational purposes. Ball State University Libraries recognizes that some historic items may include offensive content. Our statement regarding objectionable content is available at: https://dmr.bsu.edu/digit,Image;StillImage,eng
UA041202606019421,,UA041202606019432.jpg,Wool Coat,image/jpeg,multiple,Front,Nipon Coature,Nipon Coature,,yes,Peace; Good News; Quality Products; World War; Organ,"Ball State University, Digital Media Repository, https://dmr.bsu.edu/digital/collection/BmnHis",Beeman number,"In Copyright
This Item is protected by copyright and/or related rights. You are free to use this Item in any way that is permitted by the copyright and related rights legislation that applies to your use. For other uses, you need to obtain permission from the rights-holder(s).",Please contact the Ball State University Libraries Copyright Office at copyright@bsu.edu or 765-285-5330 for guidance and suggestions regarding copyright and fair use. Our statement regarding copyright and usage is available at: https://dmr.bsu.edu/digital/about.,"Commercial use of this asset is prohibited without permission from Ball State University's Department of Applied Business Studies unless it is determined to be out of copyright or in the public domain. Please direct all commercial requests to the BSU Department of Applied Business Studies, appliedbusiness.dept@bsu.edu or (765) 285-1460.",This archival material has been provided for educational purposes. Ball State University Libraries recognizes that some historic items may include offensive content. Our statement regarding objectionable content is available at: https://dmr.bsu.edu/digit,Image;StillImage,eng
UA041202606019423,UA041202606019421,UA041202606019421.jpg,,image/jpeg,,Back,,,,yes,Advertising,"Ball State University, Digital Media Repository, https://dmr.bsu.edu/digital/collection/BmnHis",Beeman number,"In Copyright
This Item is protected by copyright and/or related rights. You are free to use this Item in any way that is permitted by the copyright and related rights legislation that applies to your use. For other uses, you need to obtain permission from the rights-holder(s).",Please contact the Ball State University Libraries Copyright Office at copyright@bsu.edu or 765-285-5330 for guidance and suggestions regarding copyright and fair use. Our statement regarding copyright and usage is available at: https://dmr.bsu.edu/digital/about.,"Commercial use of this asset is prohibited without permission from Ball State University's Department of Applied Business Studies unless it is determined to be out of copyright or in the public domain. Please direct all commercial requests to the BSU Department of Applied Business Studies, appliedbusiness.dept@bsu.edu or (765) 285-1460.",This archival material has been provided for educational purposes. Ball State University Libraries recognizes that some historic items may include offensive content. Our statement regarding objectionable content is available at: https://dmr.bsu.edu/digit,Image;StillImage,eng
UA041202606019432,UA041202606019421,UA041202606019423.jpg,,image/jpeg,,Detail,,,,yes,Psychiana Headquarters; Psychiana Staff; Costs,"Ball State University, Digital Media Repository, https://dmr.bsu.edu/digital/collection/BmnHis",Beeman number,"In Copyright
This Item is protected by copyright and/or related rights. You are free to use this Item in any way that is permitted by the copyright and related rights legislation that applies to your use. For other uses, you need to obtain permission from the rights-holder(s).",Please contact the Ball State University Libraries Copyright Office at copyright@bsu.edu or 765-285-5330 for guidance and suggestions regarding copyright and fair use. Our statement regarding copyright and usage is available at: https://dmr.bsu.edu/digital/about.,"Commercial use of this asset is prohibited without permission from Ball State University's Department of Applied Business Studies unless it is determined to be out of copyright or in the public domain. Please direct all commercial requests to the BSU Department of Applied Business Studies, appliedbusiness.dept@bsu.edu or (765) 285-1460.",This archival material has been provided for educational purposes. Ball State University Libraries recognizes that some historic items may include offensive content. Our statement regarding objectionable content is available at: https://dmr.bsu.edu/digit,Image;StillImage,eng
UA041202606019456,UA041202606019421,UA041202606019456.jpg,,image/jpeg,,Labels,,,,yes,"Material Abundance; God-Realm; Wealth; Spirit of God, God-Power;  Hardships; Illustrations","Ball State University, Digital Media Repository, https://dmr.bsu.edu/digital/collection/BmnHis",Beeman number,"In Copyright
This Item is protected by copyright and/or related rights. You are free to use this Item in any way that is permitted by the copyright and related rights legislation that applies to your use. For other uses, you need to obtain permission from the rights-holder(s).",Please contact the Ball State University Libraries Copyright Office at copyright@bsu.edu or 765-285-5330 for guidance and suggestions regarding copyright and fair use. Our statement regarding copyright and usage is available at: https://dmr.bsu.edu/digital/about.,"Commercial use of this asset is prohibited without permission from Ball State University's Department of Applied Business Studies unless it is determined to be out of copyright or in the public domain. Please direct all commercial requests to the BSU Department of Applied Business Studies, appliedbusiness.dept@bsu.edu or (765) 285-1460.",This archival material has been provided for educational purposes. Ball State University Libraries recognizes that some historic items may include offensive content. Our statement regarding objectionable content is available at: https://dmr.bsu.edu/digit,Image;StillImage,eng
UA041202607019652,,UA041202607019652.jpg,Bonnet,image/jpeg,multiple,"Front, Three-quarter View  ",unknown,,,,Mailings; Alfred B. Robinson,"Ball State University, Digital Media Repository, https://dmr.bsu.edu/digital/collection/BmnHis",Beeman number,"In Copyright
This Item is protected by copyright and/or related rights. You are free to use this Item in any way that is permitted by the copyright and related rights legislation that applies to your use. For other uses, you need to obtain permission from the rights-holder(s).",Please contact the Ball State University Libraries Copyright Office at copyright@bsu.edu or 765-285-5330 for guidance and suggestions regarding copyright and fair use. Our statement regarding copyright and usage is available at: https://dmr.bsu.edu/digital/about.,"Commercial use of this asset is prohibited without permission from Ball State University's Department of Applied Business Studies unless it is determined to be out of copyright or in the public domain. Please direct all commercial requests to the BSU Department of Applied Business Studies, appliedbusiness.dept@bsu.edu or (765) 285-1460.",This archival material has been provided for educational purposes. Ball State University Libraries recognizes that some historic items may include offensive content. Our statement regarding objectionable content is available at: https://dmr.bsu.edu/digit,Image;StillImage,eng
UA041202607019655,UA041202607019652,UA041202607019655.jpg,,image/jpeg,,Back ,,,,yes,"Spirit of God, God-Power; Truth; Illustrations","Ball State University, Digital Media Repository, https://dmr.bsu.edu/digital/collection/BmnHis",Beeman number,"In Copyright
This Item is protected by copyright and/or related rights. You are free to use this Item in any way that is permitted by the copyright and related rights legislation that applies to your use. For other uses, you need to obtain permission from the rights-holder(s).",Please contact the Ball State University Libraries Copyright Office at copyright@bsu.edu or 765-285-5330 for guidance and suggestions regarding copyright and fair use. Our statement regarding copyright and usage is available at: https://dmr.bsu.edu/digital/about.,"Commercial use of this asset is prohibited without permission from Ball State University's Department of Applied Business Studies unless it is determined to be out of copyright or in the public domain. Please direct all commercial requests to the BSU Department of Applied Business Studies, appliedbusiness.dept@bsu.edu or (765) 285-1460.",This archival material has been provided for educational purposes. Ball State University Libraries recognizes that some historic items may include offensive content. Our statement regarding objectionable content is available at: https://dmr.bsu.edu/digit,Image;StillImage,eng
UA041202606019467,,UA041202606019467.jpg,Lace Lingerie Dress,image/jpeg,multiple,Front,Multiple,,,yes,"Robinson's Books; Moscow, Idaho","Ball State University, Digital Media Repository, https://dmr.bsu.edu/digital/collection/BmnHis",Beeman number,"In Copyright
This Item is protected by copyright and/or related rights. You are free to use this Item in any way that is permitted by the copyright and related rights legislation that applies to your use. For other uses, you need to obtain permission from the rights-holder(s).",Please contact the Ball State University Libraries Copyright Office at copyright@bsu.edu or 765-285-5330 for guidance and suggestions regarding copyright and fair use. Our statement regarding copyright and usage is available at: https://dmr.bsu.edu/digital/about.,"Commercial use of this asset is prohibited without permission from Ball State University's Department of Applied Business Studies unless it is determined to be out of copyright or in the public domain. Please direct all commercial requests to the BSU Department of Applied Business Studies, appliedbusiness.dept@bsu.edu or (765) 285-1460.",This archival material has been provided for educational purposes. Ball State University Libraries recognizes that some historic items may include offensive content. Our statement regarding objectionable content is available at: https://dmr.bsu.edu/digit,Image;StillImage,eng
UA041202606019469,UA041202606019467,UA041202606019469.jpg,,image/jpeg,,Back,,,,yes,Psychiana Pin,"Ball State University, Digital Media Repository, https://dmr.bsu.edu/digital/collection/BmnHis",Beeman number,"In Copyright
This Item is protected by copyright and/or related rights. You are free to use this Item in any way that is permitted by the copyright and related rights legislation that applies to your use. For other uses, you need to obtain permission from the rights-holder(s).",Please contact the Ball State University Libraries Copyright Office at copyright@bsu.edu or 765-285-5330 for guidance and suggestions regarding copyright and fair use. Our statement regarding copyright and usage is available at: https://dmr.bsu.edu/digital/about.,"Commercial use of this asset is prohibited without permission from Ball State University's Department of Applied Business Studies unless it is determined to be out of copyright or in the public domain. Please direct all commercial requests to the BSU Department of Applied Business Studies, appliedbusiness.dept@bsu.edu or (765) 285-1460.",This archival material has been provided for educational purposes. Ball State University Libraries recognizes that some historic items may include offensive content. Our statement regarding objectionable content is available at: https://dmr.bsu.edu/digit,Image;StillImage,eng
UA041202606019476,UA041202606019467,UA041202606019476.jpg,,image/jpeg,,Detail of Left Side,,,,yes,Recreation; Latah County,"Ball State University, Digital Media Repository, https://dmr.bsu.edu/digital/collection/BmnHis",Beeman number,"In Copyright
This Item is protected by copyright and/or related rights. You are free to use this Item in any way that is permitted by the copyright and related rights legislation that applies to your use. For other uses, you need to obtain permission from the rights-holder(s).",Please contact the Ball State University Libraries Copyright Office at copyright@bsu.edu or 765-285-5330 for guidance and suggestions regarding copyright and fair use. Our statement regarding copyright and usage is available at: https://dmr.bsu.edu/digital/about.,"Commercial use of this asset is prohibited without permission from Ball State University's Department of Applied Business Studies unless it is determined to be out of copyright or in the public domain. Please direct all commercial requests to the BSU Department of Applied Business Studies, appliedbusiness.dept@bsu.edu or (765) 285-1460.",This archival material has been provided for educational purposes. Ball State University Libraries recognizes that some historic items may include offensive content. Our statement regarding objectionable content is available at: https://dmr.bsu.edu/digit,Image;StillImage,eng
UA041202607019787,,UA041202607019787.jpg,Louis Heeled Leather Shoes,image/jpeg,Multiple,Side,Multiple,,,yes,Robinson's Writings; Psychiana Journal,"Ball State University, Digital Media Repository, https://dmr.bsu.edu/digital/collection/BmnHis",Beeman number,"In Copyright
This Item is protected by copyright and/or related rights. You are free to use this Item in any way that is permitted by the copyright and related rights legislation that applies to your use. For other uses, you need to obtain permission from the rights-holder(s).",Please contact the Ball State University Libraries Copyright Office at copyright@bsu.edu or 765-285-5330 for guidance and suggestions regarding copyright and fair use. Our statement regarding copyright and usage is available at: https://dmr.bsu.edu/digital/about.,"Commercial use of this asset is prohibited without permission from Ball State University's Department of Applied Business Studies unless it is determined to be out of copyright or in the public domain. Please direct all commercial requests to the BSU Department of Applied Business Studies, appliedbusiness.dept@bsu.edu or (765) 285-1460.",This archival material has been provided for educational purposes. Ball State University Libraries recognizes that some historic items may include offensive content. Our statement regarding objectionable content is available at: https://dmr.bsu.edu/digit,Image;StillImage,eng
UA041202607019782,UA041202607019787,UA041202607019782.jpg,,image/jpeg,,Top,,,,,"Moscow, Idaho; World War;","Ball State University, Digital Media Repository, https://dmr.bsu.edu/digital/collection/BmnHis",Beeman number,"In Copyright
This Item is protected by copyright and/or related rights. You are free to use this Item in any way that is permitted by the copyright and related rights legislation that applies to your use. For other uses, you need to obtain permission from the rights-holder(s).",Please contact the Ball State University Libraries Copyright Office at copyright@bsu.edu or 765-285-5330 for guidance and suggestions regarding copyright and fair use. Our statement regarding copyright and usage is available at: https://dmr.bsu.edu/digital/about.,"Commercial use of this asset is prohibited without permission from Ball State University's Department of Applied Business Studies unless it is determined to be out of copyright or in the public domain. Please direct all commercial requests to the BSU Department of Applied Business Studies, appliedbusiness.dept@bsu.edu or (765) 285-1460.",This archival material has been provided for educational purposes. Ball State University Libraries recognizes that some historic items may include offensive content. Our statement regarding objectionable content is available at: https://dmr.bsu.edu/digit,Image;StillImage,eng
UA041202607019710,UA041202607019787,UA041202607019710.jpg,,image/jpeg,,Inside of Right Shoe,,Gentlemen,,yes,"Power; Spirit of God, God-Power;  Free; Information","Ball State University, Digital Media Repository, https://dmr.bsu.edu/digital/collection/BmnHis",Beeman number,"In Copyright
This Item is protected by copyright and/or related rights. You are free to use this Item in any way that is permitted by the copyright and related rights legislation that applies to your use. For other uses, you need to obtain permission from the rights-holder(s).",Please contact the Ball State University Libraries Copyright Office at copyright@bsu.edu or 765-285-5330 for guidance and suggestions regarding copyright and fair use. Our statement regarding copyright and usage is available at: https://dmr.bsu.edu/digital/about.,"Commercial use of this asset is prohibited without permission from Ball State University's Department of Applied Business Studies unless it is determined to be out of copyright or in the public domain. Please direct all commercial requests to the BSU Department of Applied Business Studies, appliedbusiness.dept@bsu.edu or (765) 285-1460.",This archival material has been provided for educational purposes. Ball State University Libraries recognizes that some historic items may include offensive content. Our statement regarding objectionable content is available at: https://dmr.bsu.edu/digit,Image;StillImage,eng
UA041202605290918,,UA041202605290926.jpg,Cotton Chemise Dress,image/jpeg,Multiple,Front,Multiple,My dear friend and fellow-student,,yes,Commitment; Delinquent; Students; Lessons,"Ball State University, Digital Media Repository, https://dmr.bsu.edu/digital/collection/BmnHis",Beeman number,"In Copyright
This Item is protected by copyright and/or related rights. You are free to use this Item in any way that is permitted by the copyright and related rights legislation that applies to your use. For other uses, you need to obtain permission from the rights-holder(s).",Please contact the Ball State University Libraries Copyright Office at copyright@bsu.edu or 765-285-5330 for guidance and suggestions regarding copyright and fair use. Our statement regarding copyright and usage is available at: https://dmr.bsu.edu/digital/about.,"Commercial use of this asset is prohibited without permission from Ball State University's Department of Applied Business Studies unless it is determined to be out of copyright or in the public domain. Please direct all commercial requests to the BSU Department of Applied Business Studies, appliedbusiness.dept@bsu.edu or (765) 285-1460.",This archival material has been provided for educational purposes. Ball State University Libraries recognizes that some historic items may include offensive content. Our statement regarding objectionable content is available at: https://dmr.bsu.edu/digit,Image;StillImage,eng
UA041202605290920,UA041202605290918,UA041202605290918.jpg,,image/jpeg,,Back,,Students,,yes,Sale Agency; Money-Making Opportunity; Students; Territory; Spreading Psychiana,"Ball State University, Digital Media Repository, https://dmr.bsu.edu/digital/collection/BmnHis",Beeman number,"In Copyright
This Item is protected by copyright and/or related rights. You are free to use this Item in any way that is permitted by the copyright and related rights legislation that applies to your use. For other uses, you need to obtain permission from the rights-holder(s).",Please contact the Ball State University Libraries Copyright Office at copyright@bsu.edu or 765-285-5330 for guidance and suggestions regarding copyright and fair use. Our statement regarding copyright and usage is available at: https://dmr.bsu.edu/digital/about.,"Commercial use of this asset is prohibited without permission from Ball State University's Department of Applied Business Studies unless it is determined to be out of copyright or in the public domain. Please direct all commercial requests to the BSU Department of Applied Business Studies, appliedbusiness.dept@bsu.edu or (765) 285-1460.",This archival material has been provided for educational purposes. Ball State University Libraries recognizes that some historic items may include offensive content. Our statement regarding objectionable content is available at: https://dmr.bsu.edu/digit,Image;StillImage,eng
UA041202605290926,UA041202605290918,UA041202605290920.jpg,,image/jpeg,,Detail of Bodice Front,,,,yes,"Moscow, Idaho","Ball State University, Digital Media Repository, https://dmr.bsu.edu/digital/collection/BmnHis",Beeman number,"In Copyright
This Item is protected by copyright and/or related rights. You are free to use this Item in any way that is permitted by the copyright and related rights legislation that applies to your use. For other uses, you need to obtain permission from the rights-holder(s).",Please contact the Ball State University Libraries Copyright Office at copyright@bsu.edu or 765-285-5330 for guidance and suggestions regarding copyright and fair use. Our statement regarding copyright and usage is available at: https://dmr.bsu.edu/digital/about.,"Commercial use of this asset is prohibited without permission from Ball State University's Department of Applied Business Studies unless it is determined to be out of copyright or in the public domain. Please direct all commercial requests to the BSU Department of Applied Business Studies, appliedbusiness.dept@bsu.edu or (765) 285-1460.",This archival material has been provided for educational purposes. Ball State University Libraries recognizes that some historic items may include offensive content. Our statement regarding objectionable content is available at: https://dmr.bsu.edu/digit,Image;StillImage,eng
UA041202605290923,UA041202605290918,UA041202605290923.jpg,,image/jpeg,,Detail of Bodice Back,,,,yes,Psychiana Headquarters; Psychiana Staff; Bookkeeping; Mailings,"Ball State University, Digital Media Repository, https://dmr.bsu.edu/digital/collection/BmnHis",Beeman number,"In Copyright
This Item is protected by copyright and/or related rights. You are free to use this Item in any way that is permitted by the copyright and related rights legislation that applies to your use. For other uses, you need to obtain permission from the rights-holder(s).",Please contact the Ball State University Libraries Copyright Office at copyright@bsu.edu or 765-285-5330 for guidance and suggestions regarding copyright and fair use. Our statement regarding copyright and usage is available at: https://dmr.bsu.edu/digital/about.,"Commercial use of this asset is prohibited without permission from Ball State University's Department of Applied Business Studies unless it is determined to be out of copyright or in the public domain. Please direct all commercial requests to the BSU Department of Applied Business Studies, appliedbusiness.dept@bsu.edu or (765) 285-1460.",This archival material has been provided for educational purposes. Ball State University Libraries recognizes that some historic items may include offensive content. Our statement regarding objectionable content is available at: https://dmr.bsu.edu/digit,Image;StillImage,eng
UA041202605290917,UA041202605290918,UA041202605290917.jpg,,image/jpeg,,Detail of  Skirt Back,,,,yes,"Moscow, Idaho; Drug Store Clerk","Ball State University, Digital Media Repository, https://dmr.bsu.edu/digital/collection/BmnHis",Beeman number,"In Copyright
This Item is protected by copyright and/or related rights. You are free to use this Item in any way that is permitted by the copyright and related rights legislation that applies to your use. For other uses, you need to obtain permission from the rights-holder(s).",Please contact the Ball State University Libraries Copyright Office at copyright@bsu.edu or 765-285-5330 for guidance and suggestions regarding copyright and fair use. Our statement regarding copyright and usage is available at: https://dmr.bsu.edu/digital/about.,"Commercial use of this asset is prohibited without permission from Ball State University's Department of Applied Business Studies unless it is determined to be out of copyright or in the public domain. Please direct all commercial requests to the BSU Department of Applied Business Studies, appliedbusiness.dept@bsu.edu or (765) 285-1460.",This archival material has been provided for educational purposes. Ball State University Libraries recognizes that some historic items may include offensive content. Our statement regarding objectionable content is available at: https://dmr.bsu.edu/digit,Image;StillImage,eng
UA041202607019587,,UA041202607019587.jpg,Woven Straw Hat,image/jpeg,Multiple,"Front,Three-quarter View",Multiple,,,yes,Daily Idahoan; Psychiana Staff,"Ball State University, Digital Media Repository, https://dmr.bsu.edu/digital/collection/BmnHis",Beeman number,"In Copyright
This Item is protected by copyright and/or related rights. You are free to use this Item in any way that is permitted by the copyright and related rights legislation that applies to your use. For other uses, you need to obtain permission from the rights-holder(s).",Please contact the Ball State University Libraries Copyright Office at copyright@bsu.edu or 765-285-5330 for guidance and suggestions regarding copyright and fair use. Our statement regarding copyright and usage is available at: https://dmr.bsu.edu/digital/about.,"Commercial use of this asset is prohibited without permission from Ball State University's Department of Applied Business Studies unless it is determined to be out of copyright or in the public domain. Please direct all commercial requests to the BSU Department of Applied Business Studies, appliedbusiness.dept@bsu.edu or (765) 285-1460.",This archival material has been provided for educational purposes. Ball State University Libraries recognizes that some historic items may include offensive content. Our statement regarding objectionable content is available at: https://dmr.bsu.edu/digit,Image;StillImage,eng
UA041202607019590,UA041202607019587,UA041202607019590.jpg,,image/jpeg,,Top View,,,,yes,The News Review; Frank B. Robinson,"Ball State University, Digital Media Repository, https://dmr.bsu.edu/digital/collection/BmnHis",Beeman number,"In Copyright
This Item is protected by copyright and/or related rights. You are free to use this Item in any way that is permitted by the copyright and related rights legislation that applies to your use. For other uses, you need to obtain permission from the rights-holder(s).",Please contact the Ball State University Libraries Copyright Office at copyright@bsu.edu or 765-285-5330 for guidance and suggestions regarding copyright and fair use. Our statement regarding copyright and usage is available at: https://dmr.bsu.edu/digital/about.,"Commercial use of this asset is prohibited without permission from Ball State University's Department of Applied Business Studies unless it is determined to be out of copyright or in the public domain. Please direct all commercial requests to the BSU Department of Applied Business Studies, appliedbusiness.dept@bsu.edu or (765) 285-1460.",This archival material has been provided for educational purposes. Ball State University Libraries recognizes that some historic items may include offensive content. Our statement regarding objectionable content is available at: https://dmr.bsu.edu/digit,Image;StillImage,eng
UA041202607019597,,UA041202607019597.jpg,Slouch Hat,image/jpeg,Multiple,Slouch Hat ,Multiple,,,yes,Duesenberg Convertible Coupe,"Ball State University, Digital Media Repository, https://dmr.bsu.edu/digital/collection/BmnHis",Beeman number,"In Copyright
This Item is protected by copyright and/or related rights. You are free to use this Item in any way that is permitted by the copyright and related rights legislation that applies to your use. For other uses, you need to obtain permission from the rights-holder(s).",Please contact the Ball State University Libraries Copyright Office at copyright@bsu.edu or 765-285-5330 for guidance and suggestions regarding copyright and fair use. Our statement regarding copyright and usage is available at: https://dmr.bsu.edu/digital/about.,"Commercial use of this asset is prohibited without permission from Ball State University's Department of Applied Business Studies unless it is determined to be out of copyright or in the public domain. Please direct all commercial requests to the BSU Department of Applied Business Studies, appliedbusiness.dept@bsu.edu or (765) 285-1460.",This archival material has been provided for educational purposes. Ball State University Libraries recognizes that some historic items may include offensive content. Our statement regarding objectionable content is available at: https://dmr.bsu.edu/digit,Image;StillImage,eng
UA041202607019604,UA041202607019597,UA041202607019604.jpg,,image/jpeg,,Top View,,,,yes,Duesenberg Convertible Coupe; Public Square,"Ball State University, Digital Media Repository, https://dmr.bsu.edu/digital/collection/BmnHis",Beeman number,"In Copyright
This Item is protected by copyright and/or related rights. You are free to use this Item in any way that is permitted by the copyright and related rights legislation that applies to your use. For other uses, you need to obtain permission from the rights-holder(s).",Please contact the Ball State University Libraries Copyright Office at copyright@bsu.edu or 765-285-5330 for guidance and suggestions regarding copyright and fair use. Our statement regarding copyright and usage is available at: https://dmr.bsu.edu/digital/about.,"Commercial use of this asset is prohibited without permission from Ball State University's Department of Applied Business Studies unless it is determined to be out of copyright or in the public domain. Please direct all commercial requests to the BSU Department of Applied Business Studies, appliedbusiness.dept@bsu.edu or (765) 285-1460.",This archival material has been provided for educational purposes. Ball State University Libraries recognizes that some historic items may include offensive content. Our statement regarding objectionable content is available at: https://dmr.bsu.edu/digit,Image;StillImage,eng
UA041202607019607,UA041202607019597,UA041202607019607.jpg,,image/jpeg,,Label Inside,,,,yes,Duesenberg Convertible Coupe; Home,"Ball State University, Digital Media Repository, https://dmr.bsu.edu/digital/collection/BmnHis",Beeman number,"In Copyright
This Item is protected by copyright and/or related rights. You are free to use this Item in any way that is permitted by the copyright and related rights legislation that applies to your use. For other uses, you need to obtain permission from the rights-holder(s).",Please contact the Ball State University Libraries Copyright Office at copyright@bsu.edu or 765-285-5330 for guidance and suggestions regarding copyright and fair use. Our statement regarding copyright and usage is available at: https://dmr.bsu.edu/digital/about.,"Commercial use of this asset is prohibited without permission from Ball State University's Department of Applied Business Studies unless it is determined to be out of copyright or in the public domain. Please direct all commercial requests to the BSU Department of Applied Business Studies, appliedbusiness.dept@bsu.edu or (765) 285-1460.",This archival material has been provided for educational purposes. Ball State University Libraries recognizes that some historic items may include offensive content. Our statement regarding objectionable content is available at: https://dmr.bsu.edu/digit,Image;StillImage,eng
UA041202607019626,,UA041202607019626.jpg,Woven Straw and Silk Hat,image/jpeg,Multiple,Front,Multiple,,,yes,Daily Idahoan; Psychiana Staff,"Ball State University, Digital Media Repository, https://dmr.bsu.edu/digital/collection/BmnHis",Beeman number,"In Copyright
This Item is protected by copyright and/or related rights. You are free to use this Item in any way that is permitted by the copyright and related rights legislation that applies to your use. For other uses, you need to obtain permission from the rights-holder(s).",Please contact the Ball State University Libraries Copyright Office at copyright@bsu.edu or 765-285-5330 for guidance and suggestions regarding copyright and fair use. Our statement regarding copyright and usage is available at: https://dmr.bsu.edu/digital/about.,"Commercial use of this asset is prohibited without permission from Ball State University's Department of Applied Business Studies unless it is determined to be out of copyright or in the public domain. Please direct all commercial requests to the BSU Department of Applied Business Studies, appliedbusiness.dept@bsu.edu or (765) 285-1460.",This archival material has been provided for educational purposes. Ball State University Libraries recognizes that some historic items may include offensive content. Our statement regarding objectionable content is available at: https://dmr.bsu.edu/digit,Image;StillImage,eng
UA041202607019639,UA041202607019626,UA041202607019639.jpg,,image/jpeg,,Label Inside ,,,,yes,Pipe Organ,"Ball State University, Digital Media Repository, https://dmr.bsu.edu/digital/collection/BmnHis",Beeman number,"In Copyright
This Item is protected by copyright and/or related rights. You are free to use this Item in any way that is permitted by the copyright and related rights legislation that applies to your use. For other uses, you need to obtain permission from the rights-holder(s).",Please contact the Ball State University Libraries Copyright Office at copyright@bsu.edu or 765-285-5330 for guidance and suggestions regarding copyright and fair use. Our statement regarding copyright and usage is available at: https://dmr.bsu.edu/digital/about.,"Commercial use of this asset is prohibited without permission from Ball State University's Department of Applied Business Studies unless it is determined to be out of copyright or in the public domain. Please direct all commercial requests to the BSU Department of Applied Business Studies, appliedbusiness.dept@bsu.edu or (765) 285-1460.",This archival material has been provided for educational purposes. Ball State University Libraries recognizes that some historic items may include offensive content. Our statement regarding objectionable content is available at: https://dmr.bsu.edu/digit,Image;StillImage,eng
UA041202606019399,,UA041202606019399.jpg,Wool Duster Coat with Fur Collar,image/jpeg,Multiple,Front ,Multiple,,,,Psychiana Headquarters; Psychiana Staff,"Ball State University, Digital Media Repository, https://dmr.bsu.edu/digital/collection/BmnHis",Beeman number,"In Copyright
This Item is protected by copyright and/or related rights. You are free to use this Item in any way that is permitted by the copyright and related rights legislation that applies to your use. For other uses, you need to obtain permission from the rights-holder(s).",Please contact the Ball State University Libraries Copyright Office at copyright@bsu.edu or 765-285-5330 for guidance and suggestions regarding copyright and fair use. Our statement regarding copyright and usage is available at: https://dmr.bsu.edu/digital/about.,"Commercial use of this asset is prohibited without permission from Ball State University's Department of Applied Business Studies unless it is determined to be out of copyright or in the public domain. Please direct all commercial requests to the BSU Department of Applied Business Studies, appliedbusiness.dept@bsu.edu or (765) 285-1460.",This archival material has been provided for educational purposes. Ball State University Libraries recognizes that some historic items may include offensive content. Our statement regarding objectionable content is available at: https://dmr.bsu.edu/digit,Image;StillImage,eng
UA041202606019403,UA041202606019399,UA041202606019403.jpg,,image/jpeg,,Back ,,,,yes,Daily Idahoan; Psychiana Staff,"Ball State University, Digital Media Repository, https://dmr.bsu.edu/digital/collection/BmnHis",Beeman number,"In Copyright
This Item is protected by copyright and/or related rights. You are free to use this Item in any way that is permitted by the copyright and related rights legislation that applies to your use. For other uses, you need to obtain permission from the rights-holder(s).",Please contact the Ball State University Libraries Copyright Office at copyright@bsu.edu or 765-285-5330 for guidance and suggestions regarding copyright and fair use. Our statement regarding copyright and usage is available at: https://dmr.bsu.edu/digital/about.,"Commercial use of this asset is prohibited without permission from Ball State University's Department of Applied Business Studies unless it is determined to be out of copyright or in the public domain. Please direct all commercial requests to the BSU Department of Applied Business Studies, appliedbusiness.dept@bsu.edu or (765) 285-1460.",This archival material has been provided for educational purposes. Ball State University Libraries recognizes that some historic items may include offensive content. Our statement regarding objectionable content is available at: https://dmr.bsu.edu/digit,Image;StillImage,eng
UA041202606019409,UA041202606019399,UA041202606019409.jpg,,image/jpeg,,Detail,,,,,Psychiana Headquarters; Psychiana Staff,"Ball State University, Digital Media Repository, https://dmr.bsu.edu/digital/collection/BmnHis",Beeman number,"In Copyright
This Item is protected by copyright and/or related rights. You are free to use this Item in any way that is permitted by the copyright and related rights legislation that applies to your use. For other uses, you need to obtain permission from the rights-holder(s).",Please contact the Ball State University Libraries Copyright Office at copyright@bsu.edu or 765-285-5330 for guidance and suggestions regarding copyright and fair use. Our statement regarding copyright and usage is available at: https://dmr.bsu.edu/digital/about.,"Commercial use of this asset is prohibited without permission from Ball State University's Department of Applied Business Studies unless it is determined to be out of copyright or in the public domain. Please direct all commercial requests to the BSU Department of Applied Business Studies, appliedbusiness.dept@bsu.edu or (765) 285-1460.",This archival material has been provided for educational purposes. Ball State University Libraries recognizes that some historic items may include offensive content. Our statement regarding objectionable content is available at: https://dmr.bsu.edu/digit,Image;StillImage,eng
UA041202606019412,UA041202606019399,UA041202606019412.jpg,,image/jpeg,,Label on Inside Panel,,,,,Psychiana Headquarters; Psychiana Staff; Lessons,"Ball State University, Digital Media Repository, https://dmr.bsu.edu/digital/collection/BmnHis",Beeman number,"In Copyright
This Item is protected by copyright and/or related rights. You are free to use this Item in any way that is permitted by the copyright and related rights legislation that applies to your use. For other uses, you need to obtain permission from the rights-holder(s).",Please contact the Ball State University Libraries Copyright Office at copyright@bsu.edu or 765-285-5330 for guidance and suggestions regarding copyright and fair use. Our statement regarding copyright and usage is available at: https://dmr.bsu.edu/digital/about.,"Commercial use of this asset is prohibited without permission from Ball State University's Department of Applied Business Studies unless it is determined to be out of copyright or in the public domain. Please direct all commercial requests to the BSU Department of Applied Business Studies, appliedbusiness.dept@bsu.edu or (765) 285-1460.",This archival material has been provided for educational purposes. Ball State University Libraries recognizes that some historic items may include offensive content. Our statement regarding objectionable content is available at: https://dmr.bsu.edu/digit,Image;StillImage,eng
UA041202606019417,UA041202606019399,UA041202606019417.jpg,,image/jpeg,,Label on Inside of Coat Back,,,,yes,Psychiana Headquarters; Psychiana Staff,"Ball State University, Digital Media Repository, https://dmr.bsu.edu/digital/collection/BmnHis",Beeman number,"In Copyright
This Item is protected by copyright and/or related rights. You are free to use this Item in any way that is permitted by the copyright and related rights legislation that applies to your use. For other uses, you need to obtain permission from the rights-holder(s).",Please contact the Ball State University Libraries Copyright Office at copyright@bsu.edu or 765-285-5330 for guidance and suggestions regarding copyright and fair use. Our statement regarding copyright and usage is available at: https://dmr.bsu.edu/digital/about.,"Commercial use of this asset is prohibited without permission from Ball State University's Department of Applied Business Studies unless it is determined to be out of copyright or in the public domain. Please direct all commercial requests to the BSU Department of Applied Business Studies, appliedbusiness.dept@bsu.edu or (765) 285-1460.",This archival material has been provided for educational purposes. Ball State University Libraries recognizes that some historic items may include offensive content. Our statement regarding objectionable content is available at: https://dmr.bsu.edu/digit,Image;StillImage,eng
UA041202607089755,,UA041202607089755.jpg,Silk Parasol,image/jpeg,Multiple,Silk Parasol Opened,,,,,Psychiana Headquarters; Psychiana Staff,"Ball State University, Digital Media Repository, https://dmr.bsu.edu/digital/collection/BmnHis",Beeman number,"In Copyright
This Item is protected by copyright and/or related rights. You are free to use this Item in any way that is permitted by the copyright and related rights legislation that applies to your use. For other uses, you need to obtain permission from the rights-holder(s).",Please contact the Ball State University Libraries Copyright Office at copyright@bsu.edu or 765-285-5330 for guidance and suggestions regarding copyright and fair use. Our statement regarding copyright and usage is available at: https://dmr.bsu.edu/digital/about.,"Commercial use of this asset is prohibited without permission from Ball State University's Department of Applied Business Studies unless it is determined to be out of copyright or in the public domain. Please direct all commercial requests to the BSU Department of Applied Business Studies, appliedbusiness.dept@bsu.edu or (765) 285-1460.",This archival material has been provided for educational purposes. Ball State University Libraries recognizes that some historic items may include offensive content. Our statement regarding objectionable content is available at: https://dmr.bsu.edu/digit,Image;StillImage,eng
UA041202607029713,UA041202607089755,UA041202607029713.jpg,,image/jpeg,,Silk Parasol Unopened,,,,yes,"Moscow, Idaho; Finances","Ball State University, Digital Media Repository, https://dmr.bsu.edu/digital/collection/BmnHis",Beeman number,"In Copyright
This Item is protected by copyright and/or related rights. You are free to use this Item in any way that is permitted by the copyright and related rights legislation that applies to your use. For other uses, you need to obtain permission from the rights-holder(s).",Please contact the Ball State University Libraries Copyright Office at copyright@bsu.edu or 765-285-5330 for guidance and suggestions regarding copyright and fair use. Our statement regarding copyright and usage is available at: https://dmr.bsu.edu/digital/about.,"Commercial use of this asset is prohibited without permission from Ball State University's Department of Applied Business Studies unless it is determined to be out of copyright or in the public domain. Please direct all commercial requests to the BSU Department of Applied Business Studies, appliedbusiness.dept@bsu.edu or (765) 285-1460.",This archival material has been provided for educational purposes. Ball State University Libraries recognizes that some historic items may include offensive content. Our statement regarding objectionable content is available at: https://dmr.bsu.edu/digit,Image;StillImage,eng
UA041202607029720,UA041202607089755,UA041202607029720.jpg,,image/jpeg,,Detail of Carved Handle ,,,,yes,Daily Idahoan; Psychiana Staff,"Ball State University, Digital Media Repository, https://dmr.bsu.edu/digital/collection/BmnHis",Beeman number,"In Copyright
This Item is protected by copyright and/or related rights. You are free to use this Item in any way that is permitted by the copyright and related rights legislation that applies to your use. For other uses, you need to obtain permission from the rights-holder(s).",Please contact the Ball State University Libraries Copyright Office at copyright@bsu.edu or 765-285-5330 for guidance and suggestions regarding copyright and fair use. Our statement regarding copyright and usage is available at: https://dmr.bsu.edu/digital/about.,"Commercial use of this asset is prohibited without permission from Ball State University's Department of Applied Business Studies unless it is determined to be out of copyright or in the public domain. Please direct all commercial requests to the BSU Department of Applied Business Studies, appliedbusiness.dept@bsu.edu or (765) 285-1460.",This archival material has been provided for educational purposes. Ball State University Libraries recognizes that some historic items may include offensive content. Our statement regarding objectionable content is available at: https://dmr.bsu.edu/digit,Image;StillImage,eng
UA041202607089771,UA041202607089755,UA041202607089771.jpg,,image/jpeg,,Detail of Metal Catch Spring with Embossed a Patent,,,,yes,Psychiana Headquarters; Psychiana Staff,"Ball State University, Digital Media Repository, https://dmr.bsu.edu/digital/collection/BmnHis",Beeman number,"In Copyright
This Item is protected by copyright and/or related rights. You are free to use this Item in any way that is permitted by the copyright and related rights legislation that applies to your use. For other uses, you need to obtain permission from the rights-holder(s).",Please contact the Ball State University Libraries Copyright Office at copyright@bsu.edu or 765-285-5330 for guidance and suggestions regarding copyright and fair use. Our statement regarding copyright and usage is available at: https://dmr.bsu.edu/digital/about.,"Commercial use of this asset is prohibited without permission from Ball State University's Department of Applied Business Studies unless it is determined to be out of copyright or in the public domain. Please direct all commercial requests to the BSU Department of Applied Business Studies, appliedbusiness.dept@bsu.edu or (765) 285-1460.",This archival material has been provided for educational purposes. Ball State University Libraries recognizes that some historic items may include offensive content. Our statement regarding objectionable content is available at: https://dmr.bsu.edu/digit,Image;StillImage,eng
UA041202607019617,,UA041202607019617.jpg,Woven Straw with Chiffon Embellishment,image/jpeg,Multiple,"Front, Three-quarter View",,,,,Psychiana Headquarters; Psychiana Staff; Mailings,"Ball State University, Digital Media Repository, https://dmr.bsu.edu/digital/collection/BmnHis",Beeman number,"In Copyright
This Item is protected by copyright and/or related rights. You are free to use this Item in any way that is permitted by the copyright and related rights legislation that applies to your use. For other uses, you need to obtain permission from the rights-holder(s).",Please contact the Ball State University Libraries Copyright Office at copyright@bsu.edu or 765-285-5330 for guidance and suggestions regarding copyright and fair use. Our statement regarding copyright and usage is available at: https://dmr.bsu.edu/digital/about.,"Commercial use of this asset is prohibited without permission from Ball State University's Department of Applied Business Studies unless it is determined to be out of copyright or in the public domain. Please direct all commercial requests to the BSU Department of Applied Business Studies, appliedbusiness.dept@bsu.edu or (765) 285-1460.",This archival material has been provided for educational purposes. Ball State University Libraries recognizes that some historic items may include offensive content. Our statement regarding objectionable content is available at: https://dmr.bsu.edu/digit,Image;StillImage,eng
UA041202607019620,UA041202607019617,UA041202607019620.jpg,,image/jpeg,,Top View,,,,yes,Psychiana Headquarters; Psychiana Staff; Mailings,"Ball State University, Digital Media Repository, https://dmr.bsu.edu/digital/collection/BmnHis",Beeman number,"In Copyright
This Item is protected by copyright and/or related rights. You are free to use this Item in any way that is permitted by the copyright and related rights legislation that applies to your use. For other uses, you need to obtain permission from the rights-holder(s).",Please contact the Ball State University Libraries Copyright Office at copyright@bsu.edu or 765-285-5330 for guidance and suggestions regarding copyright and fair use. Our statement regarding copyright and usage is available at: https://dmr.bsu.edu/digital/about.,"Commercial use of this asset is prohibited without permission from Ball State University's Department of Applied Business Studies unless it is determined to be out of copyright or in the public domain. Please direct all commercial requests to the BSU Department of Applied Business Studies, appliedbusiness.dept@bsu.edu or (765) 285-1460.",This archival material has been provided for educational purposes. Ball State University Libraries recognizes that some historic items may include offensive content. Our statement regarding objectionable content is available at: https://dmr.bsu.edu/digit,Image;StillImage,eng
UA041202607019623,UA041202607019617,UA041202607019623.jpg,,image/jpeg,,Inside Labels and Millinery Wires,,,,yes,Portraits; Middle-Aged Frank B. Robinson,"Ball State University, Digital Media Repository, https://dmr.bsu.edu/digital/collection/BmnHis",Beeman number,"In Copyright
This Item is protected by copyright and/or related rights. You are free to use this Item in any way that is permitted by the copyright and related rights legislation that applies to your use. For other uses, you need to obtain permission from the rights-holder(s).",Please contact the Ball State University Libraries Copyright Office at copyright@bsu.edu or 765-285-5330 for guidance and suggestions regarding copyright and fair use. Our statement regarding copyright and usage is available at: https://dmr.bsu.edu/digital/about.,"Commercial use of this asset is prohibited without permission from Ball State University's Department of Applied Business Studies unless it is determined to be out of copyright or in the public domain. Please direct all commercial requests to the BSU Department of Applied Business Studies, appliedbusiness.dept@bsu.edu or (765) 285-1460.",This archival material has been provided for educational purposes. Ball State University Libraries recognizes that some historic items may include offensive content. Our statement regarding objectionable content is available at: https://dmr.bsu.edu/digit,Image;StillImage,eng
UA041202606019387,,UA041202606019387.jpg,UtlraSuede Reefer Coat,image/jpeg,Multiple,Front,,,,yes,Portraits; Middle-Aged Frank B. Robinson,"Ball State University, Digital Media Repository, https://dmr.bsu.edu/digital/collection/BmnHis",Beeman number,"In Copyright
This Item is protected by copyright and/or related rights. You are free to use this Item in any way that is permitted by the copyright and related rights legislation that applies to your use. For other uses, you need to obtain permission from the rights-holder(s).",Please contact the Ball State University Libraries Copyright Office at copyright@bsu.edu or 765-285-5330 for guidance and suggestions regarding copyright and fair use. Our statement regarding copyright and usage is available at: https://dmr.bsu.edu/digital/about.,"Commercial use of this asset is prohibited without permission from Ball State University's Department of Applied Business Studies unless it is determined to be out of copyright or in the public domain. Please direct all commercial requests to the BSU Department of Applied Business Studies, appliedbusiness.dept@bsu.edu or (765) 285-1460.",This archival material has been provided for educational purposes. Ball State University Libraries recognizes that some historic items may include offensive content. Our statement regarding objectionable content is available at: https://dmr.bsu.edu/digit,Image;StillImage,eng
UA041202606019390,UA041202606019387,UA041202606019390.jpg,,image/jpeg,,Back,,,,yes,Portraits; Middle-Aged Frank B. Robinson,"Ball State University, Digital Media Repository, https://dmr.bsu.edu/digital/collection/BmnHis",Beeman number,"In Copyright
This Item is protected by copyright and/or related rights. You are free to use this Item in any way that is permitted by the copyright and related rights legislation that applies to your use. For other uses, you need to obtain permission from the rights-holder(s).",Please contact the Ball State University Libraries Copyright Office at copyright@bsu.edu or 765-285-5330 for guidance and suggestions regarding copyright and fair use. Our statement regarding copyright and usage is available at: https://dmr.bsu.edu/digital/about.,"Commercial use of this asset is prohibited without permission from Ball State University's Department of Applied Business Studies unless it is determined to be out of copyright or in the public domain. Please direct all commercial requests to the BSU Department of Applied Business Studies, appliedbusiness.dept@bsu.edu or (765) 285-1460.",This archival material has been provided for educational purposes. Ball State University Libraries recognizes that some historic items may include offensive content. Our statement regarding objectionable content is available at: https://dmr.bsu.edu/digit,Image;StillImage,eng
UA041202606019394,UA041202606019387,UA041202606019394.jpg,,image/jpeg,,Label,,Students,,yes,Application; Commission; Teaching; Sales Agent; Spreading Psychiana,"Ball State University, Digital Media Repository, https://dmr.bsu.edu/digital/collection/BmnHis",Beeman number,"In Copyright
This Item is protected by copyright and/or related rights. You are free to use this Item in any way that is permitted by the copyright and related rights legislation that applies to your use. For other uses, you need to obtain permission from the rights-holder(s).",Please contact the Ball State University Libraries Copyright Office at copyright@bsu.edu or 765-285-5330 for guidance and suggestions regarding copyright and fair use. Our statement regarding copyright and usage is available at: https://dmr.bsu.edu/digital/about.,"Commercial use of this asset is prohibited without permission from Ball State University's Department of Applied Business Studies unless it is determined to be out of copyright or in the public domain. Please direct all commercial requests to the BSU Department of Applied Business Studies, appliedbusiness.dept@bsu.edu or (765) 285-1460.",This archival material has been provided for educational purposes. Ball State University Libraries recognizes that some historic items may include offensive content. Our statement regarding objectionable content is available at: https://dmr.bsu.edu/digit,Image;StillImage,eng
UA041202607019667,,UA041202607019667.jpg,Baby Louis Heeled Satin Shoes,image/jpeg,Multiple,Three-quarter View,,Sales Agents,,yes,Order Blank; Prices; Psychiana Publications,"Ball State University, Digital Media Repository, https://dmr.bsu.edu/digital/collection/BmnHis",Beeman number,"In Copyright
This Item is protected by copyright and/or related rights. You are free to use this Item in any way that is permitted by the copyright and related rights legislation that applies to your use. For other uses, you need to obtain permission from the rights-holder(s).",Please contact the Ball State University Libraries Copyright Office at copyright@bsu.edu or 765-285-5330 for guidance and suggestions regarding copyright and fair use. Our statement regarding copyright and usage is available at: https://dmr.bsu.edu/digital/about.,"Commercial use of this asset is prohibited without permission from Ball State University's Department of Applied Business Studies unless it is determined to be out of copyright or in the public domain. Please direct all commercial requests to the BSU Department of Applied Business Studies, appliedbusiness.dept@bsu.edu or (765) 285-1460.",This archival material has been provided for educational purposes. Ball State University Libraries recognizes that some historic items may include offensive content. Our statement regarding objectionable content is available at: https://dmr.bsu.edu/digit,Image;StillImage,eng
UA041202607019664,UA041202607019667,UA041202607019664.jpg,,image/jpeg,,Top,,Students,,yes,Students Exercises; Psychiana Affirmations,"Ball State University, Digital Media Repository, https://dmr.bsu.edu/digital/collection/BmnHis",Beeman number,"In Copyright
This Item is protected by copyright and/or related rights. You are free to use this Item in any way that is permitted by the copyright and related rights legislation that applies to your use. For other uses, you need to obtain permission from the rights-holder(s).",Please contact the Ball State University Libraries Copyright Office at copyright@bsu.edu or 765-285-5330 for guidance and suggestions regarding copyright and fair use. Our statement regarding copyright and usage is available at: https://dmr.bsu.edu/digital/about.,"Commercial use of this asset is prohibited without permission from Ball State University's Department of Applied Business Studies unless it is determined to be out of copyright or in the public domain. Please direct all commercial requests to the BSU Department of Applied Business Studies, appliedbusiness.dept@bsu.edu or (765) 285-1460.",This archival material has been provided for educational purposes. Ball State University Libraries recognizes that some historic items may include offensive content. Our statement regarding objectionable content is available at: https://dmr.bsu.edu/digit,Image;StillImage,eng
UA041202607019679,UA041202607019667,UA041202607019679.jpg,,image/jpeg,,Inside Label ,,,,,Successful; Material Abundance; Spiritual Abundance Reason; Law; Los Angeles,"Ball State University, Digital Media Repository, https://dmr.bsu.edu/digital/collection/BmnHis",Beeman number,"In Copyright
This Item is protected by copyright and/or related rights. You are free to use this Item in any way that is permitted by the copyright and related rights legislation that applies to your use. For other uses, you need to obtain permission from the rights-holder(s).",Please contact the Ball State University Libraries Copyright Office at copyright@bsu.edu or 765-285-5330 for guidance and suggestions regarding copyright and fair use. Our statement regarding copyright and usage is available at: https://dmr.bsu.edu/digital/about.,"Commercial use of this asset is prohibited without permission from Ball State University's Department of Applied Business Studies unless it is determined to be out of copyright or in the public domain. Please direct all commercial requests to the BSU Department of Applied Business Studies, appliedbusiness.dept@bsu.edu or (765) 285-1460.",This archival material has been provided for educational purposes. Ball State University Libraries recognizes that some historic items may include offensive content. Our statement regarding objectionable content is available at: https://dmr.bsu.edu/digit,Image;StillImage,eng
UA041202605290867,,UA041202605290881.jpg,Sheath Evening Gown,image/jpeg,Multiple,Front,,new members,,yes,Doomed; Atomic War; Hiroshima; Civilizations; World War,"Ball State University, Digital Media Repository, https://dmr.bsu.edu/digital/collection/BmnHis",Beeman number,"In Copyright
This Item is protected by copyright and/or related rights. You are free to use this Item in any way that is permitted by the copyright and related rights legislation that applies to your use. For other uses, you need to obtain permission from the rights-holder(s).",Please contact the Ball State University Libraries Copyright Office at copyright@bsu.edu or 765-285-5330 for guidance and suggestions regarding copyright and fair use. Our statement regarding copyright and usage is available at: https://dmr.bsu.edu/digital/about.,"Commercial use of this asset is prohibited without permission from Ball State University's Department of Applied Business Studies unless it is determined to be out of copyright or in the public domain. Please direct all commercial requests to the BSU Department of Applied Business Studies, appliedbusiness.dept@bsu.edu or (765) 285-1460.",This archival material has been provided for educational purposes. Ball State University Libraries recognizes that some historic items may include offensive content. Our statement regarding objectionable content is available at: https://dmr.bsu.edu/digit,Image;StillImage,eng
UA041202605290873,UA041202605290867,UA041202605290867.jpg,,image/jpeg,,Back,,,,yes,Portraits; Young Frank B. Robinson,"Ball State University, Digital Media Repository, https://dmr.bsu.edu/digital/collection/BmnHis",Beeman number,"In Copyright
This Item is protected by copyright and/or related rights. You are free to use this Item in any way that is permitted by the copyright and related rights legislation that applies to your use. For other uses, you need to obtain permission from the rights-holder(s).",Please contact the Ball State University Libraries Copyright Office at copyright@bsu.edu or 765-285-5330 for guidance and suggestions regarding copyright and fair use. Our statement regarding copyright and usage is available at: https://dmr.bsu.edu/digital/about.,"Commercial use of this asset is prohibited without permission from Ball State University's Department of Applied Business Studies unless it is determined to be out of copyright or in the public domain. Please direct all commercial requests to the BSU Department of Applied Business Studies, appliedbusiness.dept@bsu.edu or (765) 285-1460.",This archival material has been provided for educational purposes. Ball State University Libraries recognizes that some historic items may include offensive content. Our statement regarding objectionable content is available at: https://dmr.bsu.edu/digit,Image;StillImage,eng
UA041202605290881,UA041202605290867,UA041202605290873.jpg,,image/jpeg,,Detail,,,,yes,Tommy Burns; Celebrity Friends,"Ball State University, Digital Media Repository, https://dmr.bsu.edu/digital/collection/BmnHis",Beeman number,"In Copyright
This Item is protected by copyright and/or related rights. You are free to use this Item in any way that is permitted by the copyright and related rights legislation that applies to your use. For other uses, you need to obtain permission from the rights-holder(s).",Please contact the Ball State University Libraries Copyright Office at copyright@bsu.edu or 765-285-5330 for guidance and suggestions regarding copyright and fair use. Our statement regarding copyright and usage is available at: https://dmr.bsu.edu/digital/about.,"Commercial use of this asset is prohibited without permission from Ball State University's Department of Applied Business Studies unless it is determined to be out of copyright or in the public domain. Please direct all commercial requests to the BSU Department of Applied Business Studies, appliedbusiness.dept@bsu.edu or (765) 285-1460.",This archival material has been provided for educational purposes. Ball State University Libraries recognizes that some historic items may include offensive content. Our statement regarding objectionable content is available at: https://dmr.bsu.edu/digit,Image;StillImage,eng
UA041202606019479,,UA041202606019479.jpg,"Multilayered Skirt; Overskirt, Foundation Skirt, and Flounces",image/jpeg,Multiple,Front,,members,,yes,Trust; Tenney; Duty; World War; Spirit of God; Psychiana Affirmations,"Ball State University, Digital Media Repository, https://dmr.bsu.edu/digital/collection/BmnHis",Beeman number,"In Copyright
This Item is protected by copyright and/or related rights. You are free to use this Item in any way that is permitted by the copyright and related rights legislation that applies to your use. For other uses, you need to obtain permission from the rights-holder(s).",Please contact the Ball State University Libraries Copyright Office at copyright@bsu.edu or 765-285-5330 for guidance and suggestions regarding copyright and fair use. Our statement regarding copyright and usage is available at: https://dmr.bsu.edu/digital/about.,"Commercial use of this asset is prohibited without permission from Ball State University's Department of Applied Business Studies unless it is determined to be out of copyright or in the public domain. Please direct all commercial requests to the BSU Department of Applied Business Studies, appliedbusiness.dept@bsu.edu or (765) 285-1460.",This archival material has been provided for educational purposes. Ball State University Libraries recognizes that some historic items may include offensive content. Our statement regarding objectionable content is available at: https://dmr.bsu.edu/digit,Image;StillImage,eng
UA041202606019481,UA041202606019479,UA041202606019481.jpg,,image/jpeg,,Back,,members,,yes,Offer; Members; Discount; Robinson's Books,"Ball State University, Digital Media Repository, https://dmr.bsu.edu/digital/collection/BmnHis",Beeman number,"In Copyright
This Item is protected by copyright and/or related rights. You are free to use this Item in any way that is permitted by the copyright and related rights legislation that applies to your use. For other uses, you need to obtain permission from the rights-holder(s).",Please contact the Ball State University Libraries Copyright Office at copyright@bsu.edu or 765-285-5330 for guidance and suggestions regarding copyright and fair use. Our statement regarding copyright and usage is available at: https://dmr.bsu.edu/digital/about.,"Commercial use of this asset is prohibited without permission from Ball State University's Department of Applied Business Studies unless it is determined to be out of copyright or in the public domain. Please direct all commercial requests to the BSU Department of Applied Business Studies, appliedbusiness.dept@bsu.edu or (765) 285-1460.",This archival material has been provided for educational purposes. Ball State University Libraries recognizes that some historic items may include offensive content. Our statement regarding objectionable content is available at: https://dmr.bsu.edu/digit,Image;StillImage,eng
UA041202606019483,UA041202606019479,UA041202606019483.jpg,,image/jpeg,,Detail,,,,yes,Psychiana Origin; Robinson's Life; Latah County; Psychiana Growth; Success; Farmers,"Ball State University, Digital Media Repository, https://dmr.bsu.edu/digital/collection/BmnHis",Beeman number,"In Copyright
This Item is protected by copyright and/or related rights. You are free to use this Item in any way that is permitted by the copyright and related rights legislation that applies to your use. For other uses, you need to obtain permission from the rights-holder(s).",Please contact the Ball State University Libraries Copyright Office at copyright@bsu.edu or 765-285-5330 for guidance and suggestions regarding copyright and fair use. Our statement regarding copyright and usage is available at: https://dmr.bsu.edu/digital/about.,"Commercial use of this asset is prohibited without permission from Ball State University's Department of Applied Business Studies unless it is determined to be out of copyright or in the public domain. Please direct all commercial requests to the BSU Department of Applied Business Studies, appliedbusiness.dept@bsu.edu or (765) 285-1460.",This archival material has been provided for educational purposes. Ball State University Libraries recognizes that some historic items may include offensive content. Our statement regarding objectionable content is available at: https://dmr.bsu.edu/digit,Image;StillImage,eng
UA041202606019458,,UA041202606019458.jpg,Fit-and-Flare Evening Gown,image/jpeg,Multiple,Front,,,,yes,God-Power; Electricity; Uncle Sam; Success,"Ball State University, Digital Media Repository, https://dmr.bsu.edu/digital/collection/BmnHis",Beeman number,"In Copyright
This Item is protected by copyright and/or related rights. You are free to use this Item in any way that is permitted by the copyright and related rights legislation that applies to your use. For other uses, you need to obtain permission from the rights-holder(s).",Please contact the Ball State University Libraries Copyright Office at copyright@bsu.edu or 765-285-5330 for guidance and suggestions regarding copyright and fair use. Our statement regarding copyright and usage is available at: https://dmr.bsu.edu/digital/about.,"Commercial use of this asset is prohibited without permission from Ball State University's Department of Applied Business Studies unless it is determined to be out of copyright or in the public domain. Please direct all commercial requests to the BSU Department of Applied Business Studies, appliedbusiness.dept@bsu.edu or (765) 285-1460.",This archival material has been provided for educational purposes. Ball State University Libraries recognizes that some historic items may include offensive content. Our statement regarding objectionable content is available at: https://dmr.bsu.edu/digit,Image;StillImage,eng
UA041202606019461,UA041202606019458,UA041202606019461.jpg,,image/jpeg,,Back,,,,yes,Atom Bomb; God-Power; Science and Science and Technology; Talking with God,"Ball State University, Digital Media Repository, https://dmr.bsu.edu/digital/collection/BmnHis",Beeman number,"In Copyright
This Item is protected by copyright and/or related rights. You are free to use this Item in any way that is permitted by the copyright and related rights legislation that applies to your use. For other uses, you need to obtain permission from the rights-holder(s).",Please contact the Ball State University Libraries Copyright Office at copyright@bsu.edu or 765-285-5330 for guidance and suggestions regarding copyright and fair use. Our statement regarding copyright and usage is available at: https://dmr.bsu.edu/digital/about.,"Commercial use of this asset is prohibited without permission from Ball State University's Department of Applied Business Studies unless it is determined to be out of copyright or in the public domain. Please direct all commercial requests to the BSU Department of Applied Business Studies, appliedbusiness.dept@bsu.edu or (765) 285-1460.",This archival material has been provided for educational purposes. Ball State University Libraries recognizes that some historic items may include offensive content. Our statement regarding objectionable content is available at: https://dmr.bsu.edu/digit,Image;StillImage,eng
UA041202606019464,UA041202606019458,UA041202606019464.jpg,,image/jpeg,,Detail,,,,yes,God-Power; World War; Allied Forces,"Ball State University, Digital Media Repository, https://dmr.bsu.edu/digital/collection/BmnHis",Beeman number,"In Copyright
This Item is protected by copyright and/or related rights. You are free to use this Item in any way that is permitted by the copyright and related rights legislation that applies to your use. For other uses, you need to obtain permission from the rights-holder(s).",Please contact the Ball State University Libraries Copyright Office at copyright@bsu.edu or 765-285-5330 for guidance and suggestions regarding copyright and fair use. Our statement regarding copyright and usage is available at: https://dmr.bsu.edu/digital/about.,"Commercial use of this asset is prohibited without permission from Ball State University's Department of Applied Business Studies unless it is determined to be out of copyright or in the public domain. Please direct all commercial requests to the BSU Department of Applied Business Studies, appliedbusiness.dept@bsu.edu or (765) 285-1460.",This archival material has been provided for educational purposes. Ball State University Libraries recognizes that some historic items may include offensive content. Our statement regarding objectionable content is available at: https://dmr.bsu.edu/digit,Image;StillImage,eng
UA041202605290913,,UA041202605290914.jpg,Knit Jacket ,image/jpeg,Multiple,Front,,,,yes,Crucified God; Criticizing Orthodox Religion; God-Power,"Ball State University, Digital Media Repository, https://dmr.bsu.edu/digital/collection/BmnHis",Beeman number,"In Copyright
This Item is protected by copyright and/or related rights. You are free to use this Item in any way that is permitted by the copyright and related rights legislation that applies to your use. For other uses, you need to obtain permission from the rights-holder(s).",Please contact the Ball State University Libraries Copyright Office at copyright@bsu.edu or 765-285-5330 for guidance and suggestions regarding copyright and fair use. Our statement regarding copyright and usage is available at: https://dmr.bsu.edu/digital/about.,"Commercial use of this asset is prohibited without permission from Ball State University's Department of Applied Business Studies unless it is determined to be out of copyright or in the public domain. Please direct all commercial requests to the BSU Department of Applied Business Studies, appliedbusiness.dept@bsu.edu or (765) 285-1460.",This archival material has been provided for educational purposes. Ball State University Libraries recognizes that some historic items may include offensive content. Our statement regarding objectionable content is available at: https://dmr.bsu.edu/digit,Image;StillImage,eng
UA041202605299554,UA041202605290913,UA041202605290913.jpg,,image/jpeg,,Back,,,,yes,Lessons; Costs,"Ball State University, Digital Media Repository, https://dmr.bsu.edu/digital/collection/BmnHis",Beeman number,"In Copyright
This Item is protected by copyright and/or related rights. You are free to use this Item in any way that is permitted by the copyright and related rights legislation that applies to your use. For other uses, you need to obtain permission from the rights-holder(s).",Please contact the Ball State University Libraries Copyright Office at copyright@bsu.edu or 765-285-5330 for guidance and suggestions regarding copyright and fair use. Our statement regarding copyright and usage is available at: https://dmr.bsu.edu/digital/about.,"Commercial use of this asset is prohibited without permission from Ball State University's Department of Applied Business Studies unless it is determined to be out of copyright or in the public domain. Please direct all commercial requests to the BSU Department of Applied Business Studies, appliedbusiness.dept@bsu.edu or (765) 285-1460.",This archival material has been provided for educational purposes. Ball State University Libraries recognizes that some historic items may include offensive content. Our statement regarding objectionable content is available at: https://dmr.bsu.edu/digit,Image;StillImage,eng
UA041202605290914,UA041202605290913,UA041202605299554.jpg,,image/jpeg,,Detail,,,,yes,"Hitler; Prayer; Moscow, Idaho; Blitzkrieg","Ball State University, Digital Media Repository, https://dmr.bsu.edu/digital/collection/BmnHis",Beeman number,"In Copyright
This Item is protected by copyright and/or related rights. You are free to use this Item in any way that is permitted by the copyright and related rights legislation that applies to your use. For other uses, you need to obtain permission from the rights-holder(s).",Please contact the Ball State University Libraries Copyright Office at copyright@bsu.edu or 765-285-5330 for guidance and suggestions regarding copyright and fair use. Our statement regarding copyright and usage is available at: https://dmr.bsu.edu/digital/about.,"Commercial use of this asset is prohibited without permission from Ball State University's Department of Applied Business Studies unless it is determined to be out of copyright or in the public domain. Please direct all commercial requests to the BSU Department of Applied Business Studies, appliedbusiness.dept@bsu.edu or (765) 285-1460.",This archival material has been provided for educational purposes. Ball State University Libraries recognizes that some historic items may include offensive content. Our statement regarding objectionable content is available at: https://dmr.bsu.edu/digit,Image;StillImage,eng
UA041202605299567,UA041202605290913,UA041202605299567.jpg,,image/jpeg,,Label on Inside of Back,,,,,Jesus Christ; God-Power; Problems; Material Abundance,"Ball State University, Digital Media Repository, https://dmr.bsu.edu/digital/collection/BmnHis",Beeman number,"In Copyright
This Item is protected by copyright and/or related rights. You are free to use this Item in any way that is permitted by the copyright and related rights legislation that applies to your use. For other uses, you need to obtain permission from the rights-holder(s).",Please contact the Ball State University Libraries Copyright Office at copyright@bsu.edu or 765-285-5330 for guidance and suggestions regarding copyright and fair use. Our statement regarding copyright and usage is available at: https://dmr.bsu.edu/digital/about.,"Commercial use of this asset is prohibited without permission from Ball State University's Department of Applied Business Studies unless it is determined to be out of copyright or in the public domain. Please direct all commercial requests to the BSU Department of Applied Business Studies, appliedbusiness.dept@bsu.edu or (765) 285-1460.",This archival material has been provided for educational purposes. Ball State University Libraries recognizes that some historic items may include offensive content. Our statement regarding objectionable content is available at: https://dmr.bsu.edu/digit,Image;StillImage,eng
UA041202605290884,,UA041202605290884.jpg,Sweater and Skirt Set,image/jpeg,Multiple,Front,,,,,Atom Bomb; God-Power; Talk with God,"Ball State University, Digital Media Repository, https://dmr.bsu.edu/digital/collection/BmnHis",Beeman number,"In Copyright
This Item is protected by copyright and/or related rights. You are free to use this Item in any way that is permitted by the copyright and related rights legislation that applies to your use. For other uses, you need to obtain permission from the rights-holder(s).",Please contact the Ball State University Libraries Copyright Office at copyright@bsu.edu or 765-285-5330 for guidance and suggestions regarding copyright and fair use. Our statement regarding copyright and usage is available at: https://dmr.bsu.edu/digital/about.,"Commercial use of this asset is prohibited without permission from Ball State University's Department of Applied Business Studies unless it is determined to be out of copyright or in the public domain. Please direct all commercial requests to the BSU Department of Applied Business Studies, appliedbusiness.dept@bsu.edu or (765) 285-1460.",This archival material has been provided for educational purposes. Ball State University Libraries recognizes that some historic items may include offensive content. Our statement regarding objectionable content is available at: https://dmr.bsu.edu/digit,Image;StillImage,eng
UA041202605290888,UA041202605290884,UA041202605290888.jpg,,image/jpeg,,Back,,,,yes,Criticizing Orthodox Religion; Church in Decline; Jesus Christ,"Ball State University, Digital Media Repository, https://dmr.bsu.edu/digital/collection/BmnHis",Beeman number,"In Copyright
This Item is protected by copyright and/or related rights. You are free to use this Item in any way that is permitted by the copyright and related rights legislation that applies to your use. For other uses, you need to obtain permission from the rights-holder(s).",Please contact the Ball State University Libraries Copyright Office at copyright@bsu.edu or 765-285-5330 for guidance and suggestions regarding copyright and fair use. Our statement regarding copyright and usage is available at: https://dmr.bsu.edu/digital/about.,"Commercial use of this asset is prohibited without permission from Ball State University's Department of Applied Business Studies unless it is determined to be out of copyright or in the public domain. Please direct all commercial requests to the BSU Department of Applied Business Studies, appliedbusiness.dept@bsu.edu or (765) 285-1460.",This archival material has been provided for educational purposes. Ball State University Libraries recognizes that some historic items may include offensive content. Our statement regarding objectionable content is available at: https://dmr.bsu.edu/digit,Image;StillImage,eng
UA041202605290907,UA041202605290884,UA041202605290907.jpg,,image/jpeg,,Detail,,,,yes,Hitler; Mussolini; Hirohito; Axis; World War,"Ball State University, Digital Media Repository, https://dmr.bsu.edu/digital/collection/BmnHis",Beeman number,"In Copyright
This Item is protected by copyright and/or related rights. You are free to use this Item in any way that is permitted by the copyright and related rights legislation that applies to your use. For other uses, you need to obtain permission from the rights-holder(s).",Please contact the Ball State University Libraries Copyright Office at copyright@bsu.edu or 765-285-5330 for guidance and suggestions regarding copyright and fair use. Our statement regarding copyright and usage is available at: https://dmr.bsu.edu/digital/about.,"Commercial use of this asset is prohibited without permission from Ball State University's Department of Applied Business Studies unless it is determined to be out of copyright or in the public domain. Please direct all commercial requests to the BSU Department of Applied Business Studies, appliedbusiness.dept@bsu.edu or (765) 285-1460.",This archival material has been provided for educational purposes. Ball State University Libraries recognizes that some historic items may include offensive content. Our statement regarding objectionable content is available at: https://dmr.bsu.edu/digit,Image;StillImage,eng
UA041202606089487,,UA041202606089487.jpg,Wedding Dress and Veil,image/jpeg,Multiple,Front of Dress ,,,,yes,Spirit of God; Psychiana Affirmations; Hitler; Mussolini,"Ball State University, Digital Media Repository, https://dmr.bsu.edu/digital/collection/BmnHis",Beeman number,"In Copyright
This Item is protected by copyright and/or related rights. You are free to use this Item in any way that is permitted by the copyright and related rights legislation that applies to your use. For other uses, you need to obtain permission from the rights-holder(s).",Please contact the Ball State University Libraries Copyright Office at copyright@bsu.edu or 765-285-5330 for guidance and suggestions regarding copyright and fair use. Our statement regarding copyright and usage is available at: https://dmr.bsu.edu/digital/about.,"Commercial use of this asset is prohibited without permission from Ball State University's Department of Applied Business Studies unless it is determined to be out of copyright or in the public domain. Please direct all commercial requests to the BSU Department of Applied Business Studies, appliedbusiness.dept@bsu.edu or (765) 285-1460.",This archival material has been provided for educational purposes. Ball State University Libraries recognizes that some historic items may include offensive content. Our statement regarding objectionable content is available at: https://dmr.bsu.edu/digit,Image;StillImage,eng
UA041202606089513,UA041202606089487,UA041202606089513.jpg,,image/jpeg,,Back of Dress,,,,yes,Donations; Blitzkrieg; Hitler; Success; World War; Illustrations,"Ball State University, Digital Media Repository, https://dmr.bsu.edu/digital/collection/BmnHis",Beeman number,"In Copyright
This Item is protected by copyright and/or related rights. You are free to use this Item in any way that is permitted by the copyright and related rights legislation that applies to your use. For other uses, you need to obtain permission from the rights-holder(s).",Please contact the Ball State University Libraries Copyright Office at copyright@bsu.edu or 765-285-5330 for guidance and suggestions regarding copyright and fair use. Our statement regarding copyright and usage is available at: https://dmr.bsu.edu/digital/about.,"Commercial use of this asset is prohibited without permission from Ball State University's Department of Applied Business Studies unless it is determined to be out of copyright or in the public domain. Please direct all commercial requests to the BSU Department of Applied Business Studies, appliedbusiness.dept@bsu.edu or (765) 285-1460.",This archival material has been provided for educational purposes. Ball State University Libraries recognizes that some historic items may include offensive content. Our statement regarding objectionable content is available at: https://dmr.bsu.edu/digit,Image;StillImage,eng
UA041202606089522,UA041202606089487,UA041202606089522.jpg,,image/jpeg,,Detail of Back Closure of Dress,,,,yes,Hitler; Spirit of God; Prayer; Speak Into Existence; Psychiana Affirmations,"Ball State University, Digital Media Repository, https://dmr.bsu.edu/digital/collection/BmnHis",Beeman number,"In Copyright
This Item is protected by copyright and/or related rights. You are free to use this Item in any way that is permitted by the copyright and related rights legislation that applies to your use. For other uses, you need to obtain permission from the rights-holder(s).",Please contact the Ball State University Libraries Copyright Office at copyright@bsu.edu or 765-285-5330 for guidance and suggestions regarding copyright and fair use. Our statement regarding copyright and usage is available at: https://dmr.bsu.edu/digital/about.,"Commercial use of this asset is prohibited without permission from Ball State University's Department of Applied Business Studies unless it is determined to be out of copyright or in the public domain. Please direct all commercial requests to the BSU Department of Applied Business Studies, appliedbusiness.dept@bsu.edu or (765) 285-1460.",This archival material has been provided for educational purposes. Ball State University Libraries recognizes that some historic items may include offensive content. Our statement regarding objectionable content is available at: https://dmr.bsu.edu/digit,Image;StillImage,eng
UA041202607069741,UA041202606089487,UA041202607069741.jpg,,image/jpeg,,Front Three-quarter View of Veil,,,,,Portland; God-Realm; God-Law,"Ball State University, Digital Media Repository, https://dmr.bsu.edu/digital/collection/BmnHis",Beeman number,"In Copyright
This Item is protected by copyright and/or related rights. You are free to use this Item in any way that is permitted by the copyright and related rights legislation that applies to your use. For other uses, you need to obtain permission from the rights-holder(s).",Please contact the Ball State University Libraries Copyright Office at copyright@bsu.edu or 765-285-5330 for guidance and suggestions regarding copyright and fair use. Our statement regarding copyright and usage is available at: https://dmr.bsu.edu/digital/about.,"Commercial use of this asset is prohibited without permission from Ball State University's Department of Applied Business Studies unless it is determined to be out of copyright or in the public domain. Please direct all commercial requests to the BSU Department of Applied Business Studies, appliedbusiness.dept@bsu.edu or (765) 285-1460.",This archival material has been provided for educational purposes. Ball State University Libraries recognizes that some historic items may include offensive content. Our statement regarding objectionable content is available at: https://dmr.bsu.edu/digit,Image;StillImage,eng
UA041202607069743,UA041202606089487,UA041202607069743.jpg,,image/jpeg,,Back of Veil,,,,yes,Psychiana Headquarters; Psychiana Staff; W.W. DeBolt,"Ball State University, Digital Media Repository, https://dmr.bsu.edu/digital/collection/BmnHis",Beeman number,"In Copyright
This Item is protected by copyright and/or related rights. You are free to use this Item in any way that is permitted by the copyright and related rights legislation that applies to your use. For other uses, you need to obtain permission from the rights-holder(s).",Please contact the Ball State University Libraries Copyright Office at copyright@bsu.edu or 765-285-5330 for guidance and suggestions regarding copyright and fair use. Our statement regarding copyright and usage is available at: https://dmr.bsu.edu/digital/about.,"Commercial use of this asset is prohibited without permission from Ball State University's Department of Applied Business Studies unless it is determined to be out of copyright or in the public domain. Please direct all commercial requests to the BSU Department of Applied Business Studies, appliedbusiness.dept@bsu.edu or (765) 285-1460.",This archival material has been provided for educational purposes. Ball State University Libraries recognizes that some historic items may include offensive content. Our statement regarding objectionable content is available at: https://dmr.bsu.edu/digit,Image;StillImage,eng
UA041202607069745,UA041202606089487,UA041202607069745.jpg,,image/jpeg,,Detail of Back of Veil,,,,,Spokane; Auditorium,"Ball State University, Digital Media Repository, https://dmr.bsu.edu/digital/collection/BmnHis",Beeman number,"In Copyright
This Item is protected by copyright and/or related rights. You are free to use this Item in any way that is permitted by the copyright and related rights legislation that applies to your use. For other uses, you need to obtain permission from the rights-holder(s).",Please contact the Ball State University Libraries Copyright Office at copyright@bsu.edu or 765-285-5330 for guidance and suggestions regarding copyright and fair use. Our statement regarding copyright and usage is available at: https://dmr.bsu.edu/digital/about.,"Commercial use of this asset is prohibited without permission from Ball State University's Department of Applied Business Studies unless it is determined to be out of copyright or in the public domain. Please direct all commercial requests to the BSU Department of Applied Business Studies, appliedbusiness.dept@bsu.edu or (765) 285-1460.",This archival material has been provided for educational purposes. Ball State University Libraries recognizes that some historic items may include offensive content. Our statement regarding objectionable content is available at: https://dmr.bsu.edu/digit,Image;StillImage,eng
UA041202607019688,,UA041202607019688.jpg,Baby Louis Heeled Leather Shoes,image/jpeg,Multiple,Side View,,,,,,"Ball State University, Digital Media Repository, https://dmr.bsu.edu/digital/collection/BmnHis",Beeman number,"In Copyright
This Item is protected by copyright and/or related rights. You are free to use this Item in any way that is permitted by the copyright and related rights legislation that applies to your use. For other uses, you need to obtain permission from the rights-holder(s).",Please contact the Ball State University Libraries Copyright Office at copyright@bsu.edu or 765-285-5330 for guidance and suggestions regarding copyright and fair use. Our statement regarding copyright and usage is available at: https://dmr.bsu.edu/digital/about.,"Commercial use of this asset is prohibited without permission from Ball State University's Department of Applied Business Studies unless it is determined to be out of copyright or in the public domain. Please direct all commercial requests to the BSU Department of Applied Business Studies, appliedbusiness.dept@bsu.edu or (765) 285-1460.",This archival material has been provided for educational purposes. Ball State University Libraries recognizes that some historic items may include offensive content. Our statement regarding objectionable content is available at: https://dmr.bsu.edu/digit,Image;StillImage,
UA041202607019696,UA041202607019688,UA041202607019696.jpg,,image/jpeg,,Top View,,,,,,"Ball State University, Digital Media Repository, https://dmr.bsu.edu/digital/collection/BmnHis",Beeman number,"In Copyright
This Item is protected by copyright and/or related rights. You are free to use this Item in any way that is permitted by the copyright and related rights legislation that applies to your use. For other uses, you need to obtain permission from the rights-holder(s).",Please contact the Ball State University Libraries Copyright Office at copyright@bsu.edu or 765-285-5330 for guidance and suggestions regarding copyright and fair use. Our statement regarding copyright and usage is available at: https://dmr.bsu.edu/digital/about.,"Commercial use of this asset is prohibited without permission from Ball State University's Department of Applied Business Studies unless it is determined to be out of copyright or in the public domain. Please direct all commercial requests to the BSU Department of Applied Business Studies, appliedbusiness.dept@bsu.edu or (765) 285-1460.",This archival material has been provided for educational purposes. Ball State University Libraries recognizes that some historic items may include offensive content. Our statement regarding objectionable content is available at: https://dmr.bsu.edu/digit,Image;StillImage,